{
  "IcoMoonType": "selection",
  "icons": [
    {
      "icon": {
        "paths": [
          "M457.131 591.862l-143.772-154.176-62.409 58.197 203.69 218.431 62.409-58.197-1.686-1.808 262.989-262.989-60.34-60.34-260.882 260.882zM512 1024c-282.77 0-512-229.23-512-512s229.23-512 512-512c282.77 0 512 229.23 512 512s-229.23 512-512 512z"
        ],
        "attrs": [
          {
            "fill": "rgb(224, 224, 224)"
          }
        ],
        "isMulticolor": false,
        "isMulticolor2": false,
        "colorPermutations": {
          "224224224122576701": [
            {
              "f": 1
            }
          ]
        },
        "tags": [
          "不可添加"
        ],
        "grid": 0
      },
      "attrs": [
        {
          "fill": "rgb(224, 224, 224)"
        }
      ],
      "properties": {
        "order": 50,
        "id": 0,
        "name": "noplus",
        "prevSize": 32,
        "code": 59663
      },
      "setIdx": 0,
      "setId": 1,
      "iconIdx": 0
    },
    {
      "icon": {
        "paths": [
          "M512 1024c-282.77 0-512-229.23-512-512s229.23-512 512-512c282.77 0 512 229.23 512 512s-229.23 512-512 512zM298.667 469.333v85.333h426.667v-85.333h-426.667z"
        ],
        "attrs": [
          {
            "fill": "rgb(225, 76, 70)"
          }
        ],
        "isMulticolor": false,
        "isMulticolor2": false,
        "colorPermutations": {
          "224224224122576701": [
            {
              "f": 0
            }
          ]
        },
        "tags": [
          "工作台-全部应用-编辑-删除 copy"
        ],
        "grid": 0
      },
      "attrs": [
        {
          "fill": "rgb(225, 76, 70)"
        }
      ],
      "properties": {
        "order": 51,
        "id": 1,
        "name": "canminus",
        "prevSize": 32,
        "code": 59664
      },
      "setIdx": 0,
      "setId": 1,
      "iconIdx": 1
    },
    {
      "icon": {
        "paths": [
          "M472.615 472.615h-196.923v78.769h196.923v196.923h78.769v-196.923h196.923v-78.769h-196.923v-196.923h-78.769v196.923zM512 1024c-282.77 0-512-229.23-512-512s229.23-512 512-512c282.77 0 512 229.23 512 512s-229.23 512-512 512z"
        ],
        "attrs": [
          {
            "fill": "rgb(225, 76, 70)"
          }
        ],
        "isMulticolor": false,
        "isMulticolor2": false,
        "colorPermutations": {
          "224224224122576701": [
            {
              "f": 0
            }
          ]
        },
        "tags": [
          "添加"
        ],
        "grid": 0
      },
      "attrs": [
        {
          "fill": "rgb(225, 76, 70)"
        }
      ],
      "properties": {
        "order": 52,
        "id": 2,
        "name": "canplus",
        "prevSize": 32,
        "code": 59665
      },
      "setIdx": 0,
      "setId": 1,
      "iconIdx": 2
    },
    {
      "icon": {
        "paths": [
          "M473.6 473.6h-196.267v76.8h196.267v196.267h76.8v-196.267h196.267v-76.8h-196.267v-196.267h-76.8v196.267z"
        ],
        "attrs": [
          {
            "fill": "rgb(225, 76, 70)"
          }
        ],
        "isMulticolor": false,
        "isMulticolor2": false,
        "tags": [
          "添加22"
        ],
        "grid": 0
      },
      "attrs": [
        {
          "fill": "rgb(225, 76, 70)"
        }
      ],
      "properties": {
        "order": 49,
        "id": 3,
        "name": "plus",
        "prevSize": 32,
        "code": 59662
      },
      "setIdx": 0,
      "setId": 1,
      "iconIdx": 3
    },
    {
      "icon": {
        "paths": [
          "M455.432 579.883l-158.392-158.392-67.882 67.882 226.274 226.274 339.411-339.411-67.882-67.882-271.529 271.529z"
        ],
        "attrs": [
          {
            "fill": "rgb(255, 255, 255)"
          }
        ],
        "isMulticolor": false,
        "isMulticolor2": false,
        "tags": [
          "02"
        ],
        "grid": 0
      },
      "attrs": [
        {
          "fill": "rgb(255, 255, 255)"
        }
      ],
      "properties": {
        "order": 42,
        "id": 4,
        "prevSize": 32,
        "code": 59653,
        "name": "pluss"
      },
      "setIdx": 0,
      "setId": 1,
      "iconIdx": 4
    },
    {
      "icon": {
        "paths": [
          "M288 464h448v96h-448v-96z"
        ],
        "attrs": [
          {
            "fill": "rgb(255, 255, 255)"
          }
        ],
        "isMulticolor": false,
        "isMulticolor2": false,
        "tags": [
          "01"
        ],
        "grid": 0
      },
      "attrs": [
        {
          "fill": "rgb(255, 255, 255)"
        }
      ],
      "properties": {
        "order": 43,
        "id": 5,
        "name": "minus",
        "prevSize": 32,
        "code": 59661
      },
      "setIdx": 0,
      "setId": 1,
      "iconIdx": 5
    },
    {
      "icon": {
        "paths": [
          "M512 1024c282.77 0 512-229.23 512-512s-229.23-512-512-512c-282.77 0-512 229.23-512 512s229.23 512 512 512zM354.402 267.239h286.597c31.419 0 56.889 25.47 56.889 56.889v171.897h-400.375v-171.897c0-31.419 25.47-56.889 56.889-56.889zM383.154 324.436h229.093c15.709 0 28.444 12.735 28.444 28.444v143.145h-285.982v-143.145c0-15.709 12.735-28.444 28.444-28.444zM240.317 496.025h514.768v200.495c0 31.419-25.47 56.889-56.889 56.889h-400.99c-31.419 0-56.889-25.47-56.889-56.889v-200.495z"
        ],
        "attrs": [
          {
            "fill": "rgb(0, 205, 181)"
          }
        ],
        "isMulticolor": false,
        "isMulticolor2": false,
        "tags": [
          "schedule-task"
        ],
        "grid": 0
      },
      "attrs": [
        {
          "fill": "rgb(0, 205, 181)"
        }
      ],
      "properties": {
        "order": 2,
        "id": 6,
        "name": "schedule-task",
        "prevSize": 32,
        "code": 59656
      },
      "setIdx": 0,
      "setId": 1,
      "iconIdx": 6
    },
    {
      "icon": {
        "paths": [
          "M512 1024c-282.77 0-512-229.23-512-512s229.23-512 512-512c282.77 0 512 229.23 512 512s-229.23 512-512 512zM709.281 311.248h-40.062v-20.877c0-19.907-15.395-36.047-34.368-36.047s-34.341 16.14-34.341 36.047v20.877h-174.238v-20.877c0-19.907-15.395-36.047-34.368-36.047s-34.341 16.14-34.341 36.047v20.877h-40.076c-33.952 0-61.487 28.891-61.487 64.516v34.725h514.768v-34.725c0-35.625-27.534-64.516-61.487-64.516zM256 703.653c0 36.134 27.534 65.438 61.487 65.438h391.794c33.952 0 61.487-29.304 61.487-65.438v-246.893h-514.768v246.893z"
        ],
        "attrs": [
          {
            "fill": "rgb(0, 205, 181)"
          }
        ],
        "isMulticolor": false,
        "isMulticolor2": false,
        "tags": [
          "schedule-schedule"
        ],
        "grid": 0
      },
      "attrs": [
        {
          "fill": "rgb(0, 205, 181)"
        }
      ],
      "properties": {
        "order": 3,
        "id": 7,
        "name": "schedule-schedule",
        "prevSize": 32,
        "code": 59657
      },
      "setIdx": 0,
      "setId": 1,
      "iconIdx": 7
    },
    {
      "icon": {
        "paths": [
          "M588.798 649.867l24.055 89.775 54.95-14.724-20.11-75.051h34.973c31.419 0 56.889-25.47 56.889-56.889v-252.315h-455.111v252.315c0 31.419 25.47 56.889 56.889 56.889h34.973l-20.11 75.051 54.95 14.724 24.055-89.775h153.596zM512 1024c-282.77 0-512-229.23-512-512s229.23-512 512-512c282.77 0 512 229.23 512 512s-229.23 512-512 512zM227.556 284.444v56.219h568.889v-56.219h-568.889zM398.222 453.101h227.556v56.219h-227.556v-56.219z"
        ],
        "attrs": [
          {
            "fill": "rgb(0, 205, 181)"
          }
        ],
        "isMulticolor": false,
        "isMulticolor2": false,
        "tags": [
          "schedule-meeting"
        ],
        "grid": 0
      },
      "attrs": [
        {
          "fill": "rgb(0, 205, 181)"
        }
      ],
      "properties": {
        "order": 4,
        "id": 8,
        "name": "schedule-meeting",
        "prevSize": 32,
        "code": 59659
      },
      "setIdx": 0,
      "setId": 1,
      "iconIdx": 8
    },
    {
      "icon": {
        "paths": [
          "M787.63 549.377v-442.349c0-36.669-17.744-44.152-17.744-44.152-19.877-15.72-45.429-0.75-45.429-0.75-65.943 39.611-141.136 33.628-141.136 33.628-80.411 7.478-151.317-41.111-151.317-41.111-85.178-53.894-189.88-54.644-189.88-54.644-67.096 0-154.343 30.867-154.343 30.867v0.326c-6.469-18.125-22.977-31.193-42.373-31.193-25.041 0.083-45.33 21.466-45.409 47.875v928.255c0.078 26.404 20.358 47.787 45.399 47.87 25.046-0.078 45.335-21.46 45.414-47.87v-391.702c58.92-41.964 148.12-38.789 148.12-38.789 91.357-6.040 152.607 41.168 152.607 41.168 108.611 58.367 190.247 52.384 190.247 52.384 104.339 0 185.265-47.156 185.265-47.156 22.707-11.976 20.588-42.657 20.588-42.657h-0.010z"
        ],
        "width": 788,
        "attrs": [
          {}
        ],
        "isMulticolor": false,
        "isMulticolor2": false,
        "tags": [
          "schedule-important"
        ],
        "grid": 0
      },
      "attrs": [
        {}
      ],
      "properties": {
        "order": 5,
        "id": 9,
        "name": "schedule-important",
        "prevSize": 32,
        "code": 59660
      },
      "setIdx": 0,
      "setId": 1,
      "iconIdx": 9
    },
    {
      "icon": {
        "paths": [
          "M512 1024c-285.257 0-512-226.743-512-512s226.743-512 512-512 512 226.743 512 512-226.743 512-512 512zM694.857 387.657c14.629-14.629 14.629-43.886 0-58.514s-43.886-14.629-58.514 0l-124.343 124.343-124.343-124.343c-14.629-14.629-43.886-14.629-58.514 0s-14.629 43.886 0 58.514l124.343 124.343-124.343 117.029c-14.629 14.629-14.629 43.886 0 58.514s43.886 14.629 58.514 0l124.343-117.029 117.029 124.343c14.629 14.629 43.886 14.629 58.514 0s14.629-43.886 0-58.514l-117.029-124.343 124.343-124.343z"
        ],
        "attrs": [],
        "isMulticolor": false,
        "isMulticolor2": false,
        "tags": [
          "icon-21"
        ],
        "defaultCode": 59658,
        "grid": 0
      },
      "attrs": [],
      "properties": {
        "id": 10,
        "order": 15,
        "ligatures": "",
        "prevSize": 32,
        "code": 59658,
        "name": "delete-empty"
      },
      "setIdx": 0,
      "setId": 1,
      "iconIdx": 10
    },
    {
      "icon": {
        "paths": [
          "M877.714 1024l-73.143-86.569-73.143 86.569-73.143-86.569-73.143 86.569-73.143-86.569-73.143 86.569-73.143-86.569-73.143 86.569-73.143-86.569-73.143 86.569-73.143-86.569-73.143 86.569v-908.574c0-63.744 52.4-115.426 117.029-115.426h643.657c64.629 0 117.029 51.682 117.029 115.426v908.574zM146.286 219.429v73.143h585.143v-73.143h-585.143zM146.286 365.714v73.143h585.143v-73.143h-585.143zM146.286 512v73.143h585.143v-73.143h-585.143zM146.286 658.286v73.143h585.143v-73.143h-585.143z"
        ],
        "width": 878,
        "attrs": [
          {
            "fill": "rgb(228, 228, 228)"
          }
        ],
        "isMulticolor": false,
        "isMulticolor2": false,
        "colorPermutations": {
          "15315315312282282281": [
            {
              "f": 1
            }
          ]
        },
        "tags": [
          "空图标"
        ],
        "grid": 0
      },
      "attrs": [
        {
          "fill": "rgb(228, 228, 228)"
        }
      ],
      "properties": {
        "order": 2,
        "id": 11,
        "name": "data-race-free",
        "prevSize": 32,
        "code": 59654
      },
      "setIdx": 0,
      "setId": 1,
      "iconIdx": 11
    },
    {
      "icon": {
        "paths": [
          "M401.977 722.536c-177.099-0.658-321.207-144.918-321.865-322.283-0.585-177.365 142.425-320.602 319.524-319.944 177.099 0.585 321.207 144.918 321.865 322.283 0.585 177.365-142.425 320.602-319.524 319.944zM1005.181 919.779l-280.315-280.554c48.28-66.21 77.101-147.695 76.809-236.341-0.805-221.725-180.976-402.086-402.331-402.89s-400.137 178.242-399.332 399.967c0.805 221.652 180.83 402.086 402.258 402.89 88.952 0.292 170.808-28.794 237.083-77.684 0.146-0.073 0.219-0.146 0.366-0.219l280.096 280.262c24.432 24.409 63.349 25.14 86.904 1.535 23.628-23.605 22.969-62.556-1.536-86.965z"
        ],
        "attrs": [
          {
            "fill": "rgb(153, 153, 153)"
          }
        ],
        "isMulticolor": false,
        "isMulticolor2": false,
        "colorPermutations": {
          "15315315312282282281": [
            {
              "f": 0
            }
          ]
        },
        "tags": [
          "搜索icon"
        ],
        "grid": 0
      },
      "attrs": [
        {
          "fill": "rgb(153, 153, 153)"
        }
      ],
      "properties": {
        "order": 3,
        "id": 12,
        "name": "search-empty",
        "prevSize": 32,
        "code": 59655
      },
      "setIdx": 0,
      "setId": 1,
      "iconIdx": 12
    },
    {
      "icon": {
        "paths": [
          "M539.429 484.571v-283.429h-54.857v283.429h-283.429v54.857h283.429v283.429h54.857v-283.429h283.429v-54.857h-283.429z"
        ],
        "attrs": [
          {
            "fill": "rgb(102, 102, 102)"
          }
        ],
        "isMulticolor": false,
        "isMulticolor2": false,
        "colorPermutations": {
          "10210210212042042041224224224122576701": [
            {
              "f": 0
            }
          ]
        },
        "tags": [
          "添加"
        ],
        "grid": 0
      },
      "attrs": [
        {
          "fill": "rgb(102, 102, 102)"
        }
      ],
      "properties": {
        "order": 4,
        "id": 13,
        "name": "plus-empty",
        "prevSize": 32,
        "code": 59648
      },
      "setIdx": 0,
      "setId": 1,
      "iconIdx": 13
    },
    {
      "icon": {
        "paths": [
          "M0 221.091h1024v69.818h-1024v-69.818zM0 477.091h1024v69.818h-1024v-69.818zM0 733.091h1024v69.818h-1024v-69.818z"
        ],
        "attrs": [
          {
            "fill": "rgb(204, 204, 204)"
          }
        ],
        "isMulticolor": false,
        "isMulticolor2": false,
        "colorPermutations": {
          "10210210212042042041224224224122576701": [
            {
              "f": 2
            }
          ]
        },
        "tags": [
          "排序icon"
        ],
        "grid": 0
      },
      "attrs": [
        {
          "fill": "rgb(204, 204, 204)"
        }
      ],
      "properties": {
        "order": 5,
        "id": 14,
        "name": "dragger-empty",
        "prevSize": 32,
        "code": 59649
      },
      "setIdx": 0,
      "setId": 1,
      "iconIdx": 14
    },
    {
      "icon": {
        "paths": [
          "M19.395 531.395l-19.395-19.395 258.599-258.599 38.79 38.79-219.809 219.809 219.809 219.809-38.79 38.79-239.204-239.204z"
        ],
        "attrs": [
          {
            "fill": "rgb(204, 204, 204)"
          }
        ],
        "isMulticolor": false,
        "isMulticolor2": false,
        "colorPermutations": {
          "10210210212042042041224224224122576701": [
            {
              "f": 2
            }
          ]
        },
        "tags": [
          "指示符"
        ],
        "grid": 0
      },
      "attrs": [
        {
          "fill": "rgb(204, 204, 204)"
        }
      ],
      "properties": {
        "order": 30,
        "id": 15,
        "name": "arrow-left",
        "prevSize": 32,
        "code": 59651
      },
      "setIdx": 0,
      "setId": 1,
      "iconIdx": 15
    },
    {
      "icon": {
        "paths": [
          "M1024 0v1024h-1024z"
        ],
        "attrs": [
          {
            "fill": "rgb(102, 102, 102)"
          }
        ],
        "isMulticolor": false,
        "isMulticolor2": false,
        "colorPermutations": {
          "10210210212042042041224224224122576701": [
            {
              "f": 0
            }
          ]
        },
        "tags": [
          "下拉"
        ],
        "grid": 0
      },
      "attrs": [
        {
          "fill": "rgb(102, 102, 102)"
        }
      ],
      "properties": {
        "order": 8,
        "id": 16,
        "name": "triangle",
        "prevSize": 32,
        "code": 59652
      },
      "setIdx": 0,
      "setId": 1,
      "iconIdx": 16
    },
    {
      "icon": {
        "paths": [
          "M1004.605 531.395l19.395-19.395-258.599-258.599-38.79 38.79 219.809 219.809-219.809 219.809 38.79 38.79 239.204-239.204z"
        ],
        "attrs": [
          {
            "fill": "rgb(204, 204, 204)"
          }
        ],
        "isMulticolor": false,
        "isMulticolor2": false,
        "colorPermutations": {
          "10210210212042042041224224224122576701": [
            {
              "f": 2
            }
          ]
        },
        "tags": [
          "指示符"
        ],
        "grid": 0
      },
      "attrs": [
        {
          "fill": "rgb(204, 204, 204)"
        }
      ],
      "properties": {
        "order": 3,
        "id": 17,
        "name": "arrow-right",
        "prevSize": 32,
        "code": 59650
      },
      "setIdx": 0,
      "setId": 1,
      "iconIdx": 17
    },
    {
      "icon": {
        "paths": [
          "M1246.157 821.169l-56.262-58.339c12.914-16.255 20.319-36.575 20.319-58.339 0-52.198-42.716-94.913-94.913-94.913s-94.913 42.716-94.913 94.913 42.716 94.913 94.913 94.913c21.674 0 41.361-7.496 56.984-18.965l56.262 58.339c4.786 4.786 12.914 4.786 17.61 0 4.696-4.696 4.696-12.824 0-17.61zM1115.211 775.744c-39.374 0-71.163-31.879-71.163-71.163 0-39.374 31.879-71.163 71.163-71.163s71.163 31.879 71.163 71.163-31.788 71.163-71.163 71.163z",
          "M1160.726 702.504c0 6.141-1.355 11.559-3.432 16.255-2.709 6.773 8.128 11.559 11.559 3.432 0.722-2.077 4.064-12.914 4.064-19.687 0-21.674-12.914-40.006-31.879-48.134 0 0 0 0-0.722 0-6.773-2.077-11.559 7.496-5.418 10.205 14.901 6.051 25.828 20.319 25.828 37.929z"
        ],
        "attrs": [
          {
            "fill": "rgb(217, 217, 217)"
          },
          {
            "fill": "rgb(217, 217, 217)"
          }
        ],
        "isMulticolor": false,
        "isMulticolor2": false,
        "grid": 0,
        "tags": [
          "页面01-01"
        ],
        "colorPermutations": {
          "21721721712532532531": [
            {
              "f": 0
            },
            {
              "f": 0
            }
          ]
        }
      },
      "attrs": [
        {
          "fill": "rgb(217, 217, 217)"
        },
        {
          "fill": "rgb(217, 217, 217)"
        }
      ],
      "properties": {
        "order": 66,
        "id": 1,
        "name": "nodata-bg1",
        "prevSize": 32,
        "code": 59666
      },
      "setIdx": 1,
      "setId": 0,
      "iconIdx": 0
    },
    {
      "icon": {
        "paths": [
          "M698.801 415.054h-103.764c-12.192 0-22.396-10.205-22.396-22.396v-104.396c0-6.141 7.496-9.482 12.192-5.418l119.387 119.387c4.786 5.328 1.445 12.824-5.418 12.824zM631.070 518.096h-246.179c-7.496 0-13.546-6.141-13.546-13.546 0-7.496 6.141-13.546 13.546-13.546h245.457c7.496 0 13.546 6.141 13.546 13.546 0.722 7.496-5.418 13.546-12.824 13.546zM522.52 604.972h-137.629c-7.496 0-13.546-6.141-13.546-13.546s6.141-13.546 13.546-13.546h136.997c7.496 0 13.546 6.141 13.546 13.546 0.632 7.405-5.418 13.546-12.914 13.546zM724.629 389.317l-130.224-130.224c-4.064-4.064-10.205-6.773-16.255-6.773h-232.633c-29.802 0-53.553 24.383-53.553 53.553v412.255c0 29.802 24.383 53.553 53.553 53.553h332.965c29.802 0 53.553-24.383 53.553-53.553v-312.555c-0.632-6.141-2.709-11.559-7.405-16.255z"
        ],
        "attrs": [
          {
            "fill": "rgb(253, 253, 253)"
          }
        ],
        "isMulticolor": false,
        "isMulticolor2": false,
        "grid": 0,
        "tags": [
          "页面01"
        ],
        "colorPermutations": {
          "21721721712532532531": [
            {
              "f": 1
            }
          ]
        }
      },
      "attrs": [
        {
          "fill": "rgb(253, 253, 253)"
        }
      ],
      "properties": {
        "order": 67,
        "id": 4,
        "prevSize": 32,
        "code": 59667,
        "name": "nodata-bg2"
      },
      "setIdx": 1,
      "setId": 0,
      "iconIdx": 4
    }
  ],
  "height": 1024,
  "metadata": {
    "name": "icomoon"
  },
  "preferences": {
    "showGlyphs": true,
    "showQuickUse": true,
    "showQuickUse2": true,
    "showSVGs": true,
    "fontPref": {
      "prefix": "icon-",
      "metadata": {
        "fontFamily": "icomoon"
      },
      "metrics": {
        "emSize": 1024,
        "baseline": 6.25,
        "whitespace": 50
      },
      "embed": false
    },
    "imagePref": {
      "prefix": "icon-",
      "png": true,
      "useClassSelector": true,
      "color": 0,
      "bgColor": 16777215,
      "classSelector": ".icon"
    },
    "historySize": 50,
    "showCodes": true,
    "gridSize": 16,
    "showGrid": false
  }
}